Model,Accuracy,Precision,Recall,F1-Score,ROC-AUC
Random Forest (Tuned),0.806,0.8100163309744148,0.9744597249508841,0.8846611177170036,0.8757896966651022
Logistic Regression (Tuned),0.878,0.9037130270610447,0.9404060248853962,0.9216944801026957,0.9420203773929728
XGBoost,0.8565,0.9057591623036649,0.9063523248199084,0.9060556464811784,0.9145196193672457
Voting Classifier,0.879,0.8953846153846153,0.9528487229862476,0.9232233502538071,0.9353732878656349
Stacking Classifier,0.881,0.9035691922354414,0.9449901768172888,0.9238156209987196,0.9408130743169808
Fine-tuned BERT,0.953,0.9836734693877551,0.9538258575197889,0.9685197588747488,-
